country,department,shift_type,work_month,record_count,avg_scheduled_hours,avg_actual_hours,avg_overtime_hours,avg_absence_hours,overtime_record_count,absence_record_count,high_overtime_count,pressure_record_count,pressure_rate
Ireland,Customer Support,Evening,2026-02-01 00:00:00,20,37.5,39.44,1.94,0.0,6,0,2,2,0.1
Ireland,Finance,Day,2025-10-01 00:00:00,20,37.5,37.46,0.16,0.2,2,1,0,0,0.0
UK,Sales,Day,2025-12-01 00:00:00,580,37.5,37.53,0.69,0.67,90,22,1,15,0.0259
Ireland,Operations,Rotating,2026-02-01 00:00:00,32,40.0,42.47,4.45,1.98,15,5,10,11,0.3438
France,People,Day,2025-11-01 00:00:00,56,37.5,36.41,0.12,1.21,2,5,0,2,0.0357
UK,Supply Chain,Night,2025-12-01 00:00:00,230,40.0,42.49,2.97,0.48,78,12,42,45,0.1957
UK,Supply Chain,Rotating,2026-01-01 00:00:00,256,40.0,41.45,2.19,0.74,64,16,37,42,0.1641
France,Customer Support,Rotating,2026-02-01 00:00:00,8,37.5,38.29,0.79,0.0,1,0,0,0,0.0
France,Customer Support,Day,2026-01-01 00:00:00,88,37.5,38.24,0.92,0.18,11,1,4,5,0.0568
Germany,People,Day,2026-01-01 00:00:00,100,37.5,37.26,0.24,0.48,10,3,0,1,0.01
Ireland,Sales,Day,2025-10-01 00:00:00,65,37.5,36.89,0.61,1.22,11,5,0,2,0.0308
Germany,Customer Support,Evening,2026-03-01 00:00:00,56,37.5,38.04,1.35,0.85,12,2,4,5,0.0893
Germany,Finance,Day,2026-03-01 00:00:00,80,37.5,36.92,0.32,0.9,9,3,0,3,0.0375
France,Customer Support,Evening,2026-02-01 00:00:00,48,37.5,37.08,1.21,1.64,8,5,3,4,0.0833
Ireland,Supply Chain,Day,2026-01-01 00:00:00,52,40.0,40.97,1.56,0.59,10,5,6,6,0.1154
France,Supply Chain,Day,2026-03-01 00:00:00,168,40.0,41.51,2.25,0.74,43,8,23,29,0.1726
Germany,Supply Chain,Day,2025-11-01 00:00:00,240,40.0,41.29,2.43,1.14,64,22,39,43,0.1792
France,Sales,Day,2026-01-01 00:00:00,80,37.5,36.83,0.38,1.05,7,5,0,4,0.05
Netherlands,Supply Chain,Rotating,2026-01-01 00:00:00,44,40.0,42.5,2.5,0.0,14,0,6,6,0.1364
Netherlands,Supply Chain,Day,2025-12-01 00:00:00,85,40.0,40.75,1.87,1.12,18,6,11,13,0.1529
UK,Finance,Hybrid,2025-11-01 00:00:00,68,37.5,37.71,0.21,0.0,5,0,0,0,0.0
Netherlands,Commercial,Day,2025-11-01 00:00:00,60,37.5,37.29,0.46,0.67,6,2,0,1,0.0167
Netherlands,Technology,Day,2026-02-01 00:00:00,48,37.5,37.38,0.21,0.33,3,1,0,1,0.0208
UK,Commercial,Hybrid,2025-12-01 00:00:00,85,37.5,37.47,0.53,0.56,12,4,0,2,0.0235
Netherlands,Finance,Day,2026-03-01 00:00:00,36,37.5,37.65,0.15,0.0,2,0,0,0,0.0
Ireland,Supply Chain,Rotating,2025-10-01 00:00:00,45,40.0,40.77,1.93,1.16,10,4,5,8,0.1778
France,Sales,Hybrid,2025-11-01 00:00:00,16,37.5,35.96,0.43,1.97,2,2,0,1,0.0625
Netherlands,Sales,Hybrid,2026-01-01 00:00:00,20,37.5,37.07,0.35,0.78,1,2,0,0,0.0
France,Commercial,Hybrid,2025-10-01 00:00:00,15,37.5,35.7,0.3,2.1,1,2,0,1,0.0667
Ireland,Technology,Hybrid,2026-01-01 00:00:00,8,37.5,37.5,0.0,0.0,0,0,0,0,0.0
Ireland,Commercial,Day,2025-12-01 00:00:00,40,37.5,37.73,1.02,0.8,9,3,1,2,0.05
Ireland,Sales,Hybrid,2026-01-01 00:00:00,4,37.5,38.67,1.18,0.0,1,0,0,0,0.0
France,People,Hybrid,2026-01-01 00:00:00,12,37.5,37.65,0.15,0.0,1,0,0,0,0.0
France,Technology,Day,2025-11-01 00:00:00,64,37.5,36.95,0.07,0.62,2,3,0,1,0.0156
UK,Sales,Day,2026-03-01 00:00:00,464,37.5,37.44,0.71,0.77,73,25,1,14,0.0302
UK,Supply Chain,Night,2026-03-01 00:00:00,184,40.0,42.19,3.28,1.08,60,12,39,46,0.25
Netherlands,Operations,Rotating,2025-11-01 00:00:00,52,40.0,41.56,2.39,0.84,12,4,8,9,0.1731
UK,Commercial,Day,2025-11-01 00:00:00,244,37.5,37.36,0.65,0.8,35,9,0,6,0.0246
France,Operations,Rotating,2026-01-01 00:00:00,112,40.0,41.3,2.9,1.6,34,13,21,26,0.2321
Germany,Customer Support,Day,2026-01-01 00:00:00,144,37.5,38.03,1.35,0.82,33,10,7,10,0.0694
Germany,Technology,Hybrid,2025-11-01 00:00:00,28,37.5,36.42,0.64,1.71,3,2,0,2,0.0714
Germany,Customer Support,Evening,2025-12-01 00:00:00,70,37.5,36.9,0.74,1.37,10,4,2,6,0.0857
Netherlands,Finance,Hybrid,2026-01-01 00:00:00,8,37.5,37.5,0.0,0.0,0,0,0,0,0.0
UK,Finance,Day,2026-02-01 00:00:00,256,37.5,37.17,0.32,0.67,30,12,0,5,0.0195
Germany,Finance,Day,2025-12-01 00:00:00,100,37.5,36.3,0.34,1.59,12,9,0,4,0.04
UK,Technology,Day,2025-10-01 00:00:00,370,37.5,37.61,0.58,0.49,44,13,0,4,0.0108
Germany,Finance,Hybrid,2025-10-01 00:00:00,25,37.5,37.37,0.19,0.32,1,1,0,0,0.0
France,Supply Chain,Day,2025-12-01 00:00:00,210,40.0,41.15,2.13,0.98,52,17,28,32,0.1524
Netherlands,Supply Chain,Day,2026-03-01 00:00:00,68,40.0,41.07,1.59,0.51,12,5,6,6,0.0882
Germany,Supply Chain,Rotating,2026-02-01 00:00:00,116,40.0,41.52,2.14,0.62,28,10,16,18,0.1552
France,Supply Chain,Rotating,2025-10-01 00:00:00,75,40.0,41.03,1.77,0.73,16,4,9,11,0.1467
UK,People,Hybrid,2025-10-01 00:00:00,40,37.5,36.88,0.28,0.9,4,3,0,1,0.025
UK,Commercial,Hybrid,2026-03-01 00:00:00,68,37.5,37.3,0.91,1.11,14,5,0,3,0.0441
Ireland,People,Day,2025-10-01 00:00:00,15,37.5,35.37,0.0,2.13,0,1,0,1,0.0667
Netherlands,Finance,Day,2025-12-01 00:00:00,45,37.5,37.64,0.23,0.09,3,1,0,0,0.0
Netherlands,People,Day,2026-01-01 00:00:00,16,37.5,35.5,0.0,2.0,0,1,0,1,0.0625
Ireland,Commercial,Day,2026-03-01 00:00:00,32,37.5,37.82,0.57,0.25,4,1,0,0,0.0
Ireland,Supply Chain,Night,2025-11-01 00:00:00,16,40.0,39.06,1.56,2.5,3,1,2,3,0.1875
Netherlands,Commercial,Hybrid,2025-10-01 00:00:00,15,37.5,38.84,1.87,0.53,4,1,1,1,0.0667
Ireland,Commercial,Hybrid,2025-10-01 00:00:00,10,37.5,37.5,0.0,0.0,0,0,0,0,0.0
UK,Supply Chain,Day,2026-01-01 00:00:00,496,40.0,41.74,2.7,0.95,142,31,91,103,0.2077
Germany,Technology,Day,2025-10-01 00:00:00,150,37.5,37.18,0.6,0.93,19,9,0,5,0.0333
Ireland,Customer Support,Evening,2025-11-01 00:00:00,20,37.5,37.56,1.46,1.4,6,3,1,2,0.1
Ireland,Operations,Rotating,2025-11-01 00:00:00,32,40.0,39.06,1.43,2.38,8,5,1,4,0.125
France,People,Day,2026-02-01 00:00:00,56,37.5,36.91,0.2,0.79,4,3,0,2,0.0357
UK,Operations,Day,2026-03-01 00:00:00,1056,40.0,42.32,3.17,0.85,367,77,210,229,0.2169
UK,Customer Support,Rotating,2025-10-01 00:00:00,90,37.5,38.31,1.58,0.78,21,6,7,8,0.0889
UK,Customer Support,Evening,2025-10-01 00:00:00,180,37.5,36.82,1.21,1.91,41,16,7,17,0.0944
France,Customer Support,Rotating,2025-11-01 00:00:00,8,37.5,37.75,0.25,0.0,1,0,0,0,0.0
UK,Operations,Night,2025-12-01 00:00:00,475,40.0,42.28,3.13,0.85,167,31,89,101,0.2126
UK,People,Day,2025-12-01 00:00:00,250,37.5,37.3,0.29,0.49,27,10,0,4,0.016
Germany,Commercial,Day,2026-03-01 00:00:00,124,37.5,37.29,0.75,0.96,19,8,0,4,0.0323
France,Operations,Day,2025-12-01 00:00:00,270,40.0,42.7,3.2,0.5,96,17,51,54,0.2
France,Customer Support,Evening,2025-11-01 00:00:00,48,37.5,37.87,1.11,0.74,11,3,2,3,0.0625
France,Supply Chain,Night,2025-12-01 00:00:00,55,40.0,41.75,2.55,0.8,16,4,8,9,0.1636
UK,Sales,Hybrid,2026-01-01 00:00:00,44,37.5,37.04,0.75,1.27,11,2,0,2,0.0455
Germany,Supply Chain,Day,2026-02-01 00:00:00,240,40.0,41.15,2.04,0.9,55,12,30,34,0.1417
Germany,Commercial,Hybrid,2025-10-01 00:00:00,25,37.5,37.49,1.11,1.12,5,3,1,2,0.08
France,Operations,Night,2026-01-01 00:00:00,60,40.0,42.0,2.59,0.59,18,4,10,11,0.1833
Germany,Sales,Day,2025-12-01 00:00:00,220,37.5,37.74,0.75,0.51,37,7,0,5,0.0227
UK,Finance,Hybrid,2026-02-01 00:00:00,68,37.5,36.51,0.3,1.29,9,5,0,3,0.0441
Netherlands,Commercial,Day,2026-02-01 00:00:00,60,37.5,37.49,0.62,0.67,8,1,0,1,0.0167
Netherlands,Technology,Day,2025-11-01 00:00:00,48,37.5,37.54,0.36,0.32,4,2,0,0,0.0
Ireland,Operations,Day,2025-10-01 00:00:00,95,40.0,41.98,2.65,0.67,27,6,17,18,0.1895
Netherlands,Supply Chain,Night,2026-01-01 00:00:00,40,40.0,42.01,2.81,0.8,12,1,8,9,0.225
Germany,Sales,Hybrid,2026-01-01 00:00:00,4,37.5,40.08,2.58,0.0,2,0,0,0,0.0
France,Technology,Hybrid,2025-10-01 00:00:00,40,37.5,37.96,0.56,0.1,4,1,0,0,0.0
Ireland,Operations,Night,2025-12-01 00:00:00,60,40.0,43.32,3.83,0.52,21,3,17,18,0.3
Netherlands,Sales,Day,2026-03-01 00:00:00,80,37.5,37.35,0.24,0.39,5,2,0,1,0.0125
Netherlands,Operations,Night,2026-01-01 00:00:00,44,40.0,42.19,3.45,1.26,16,4,10,11,0.25
Netherlands,Customer Support,Day,2025-10-01 00:00:00,55,37.5,37.76,0.94,0.73,9,1,2,3,0.0545
Germany,Customer Support,Rotating,2026-03-01 00:00:00,36,37.5,37.24,1.04,1.31,7,3,1,2,0.0556
France,Sales,Hybrid,2026-02-01 00:00:00,16,37.5,37.69,0.19,0.0,2,0,0,0,0.0
Netherlands,Customer Support,Evening,2026-03-01 00:00:00,4,37.5,37.5,0.0,0.0,0,0,0,0,0.0
France,Finance,Hybrid,2025-12-01 00:00:00,20,37.5,37.23,0.9,1.18,4,2,0,1,0.05
Germany,People,Hybrid,2026-01-01 00:00:00,4,37.5,37.5,0.0,0.0,0,0,0,0,0.0
Netherlands,Customer Support,Rotating,2025-12-01 00:00:00,5,37.5,38.86,1.36,0.0,1,0,0,0,0.0
Germany,Technology,Day,2025-12-01 00:00:00,150,37.5,38.0,0.61,0.11,18,2,0,0,0.0
France,Technology,Day,2026-01-01 00:00:00,64,37.5,37.36,0.23,0.38,2,2,0,1,0.0156
Germany,Operations,Night,2026-02-01 00:00:00,148,40.0,41.9,2.95,1.05,47,9,26,29,0.1959
Netherlands,Operations,Rotating,2026-01-01 00:00:00,52,40.0,40.64,1.72,1.08,12,3,5,7,0.1346
UK,Customer Support,Rotating,2025-12-01 00:00:00,90,37.5,37.25,1.43,1.73,21,7,8,13,0.1444
UK,Customer Support,Evening,2025-12-01 00:00:00,180,37.5,38.18,1.14,0.46,39,5,11,14,0.0778
Netherlands,Operations,Day,2026-02-01 00:00:00,136,40.0,41.91,2.94,1.03,42,8,24,28,0.2059
UK,Operations,Night,2025-10-01 00:00:00,475,40.0,41.51,3.0,1.49,157,43,92,110,0.2316
Germany,Operations,Day,2026-02-01 00:00:00,324,40.0,40.51,2.46,1.96,94,38,51,69,0.213
UK,Commercial,Day,2026-01-01 00:00:00,244,37.5,37.1,0.47,0.88,26,18,1,7,0.0287
UK,Technology,Hybrid,2026-03-01 00:00:00,88,37.5,37.76,0.53,0.27,10,2,0,1,0.0114
Germany,Supply Chain,Night,2026-03-01 00:00:00,84,40.0,40.23,2.36,2.13,22,13,14,18,0.2143
UK,Customer Support,Day,2026-03-01 00:00:00,444,37.5,37.91,0.99,0.58,80,16,17,24,0.0541
UK,People,Day,2025-10-01 00:00:00,250,37.5,37.43,0.29,0.36,27,9,0,3,0.012
France,Operations,Rotating,2025-11-01 00:00:00,112,40.0,42.46,3.28,0.82,40,6,22,25,0.2232
UK,Operations,Rotating,2026-02-01 00:00:00,344,40.0,42.14,2.98,0.84,113,18,66,71,0.2064
Germany,Customer Support,Day,2025-11-01 00:00:00,144,37.5,37.27,1.22,1.47,32,11,8,15,0.1042
Germany,Technology,Hybrid,2026-01-01 00:00:00,28,37.5,37.38,0.59,0.71,4,2,0,1,0.0357
France,Operations,Day,2025-10-01 00:00:00,270,40.0,41.69,3.03,1.34,86,25,53,62,0.2296
France,Finance,Day,2026-02-01 00:00:00,64,37.5,37.07,0.26,0.69,7,4,0,2,0.0313
Netherlands,Finance,Hybrid,2025-11-01 00:00:00,8,37.5,35.5,0.0,2.0,0,1,0,1,0.125
Germany,Operations,Rotating,2026-03-01 00:00:00,176,40.0,41.54,3.54,2.0,71,24,40,48,0.2727
France,Supply Chain,Night,2025-10-01 00:00:00,55,40.0,41.68,2.39,0.71,17,4,7,7,0.1273
Germany,Commercial,Hybrid,2025-12-01 00:00:00,25,37.5,36.83,0.93,1.6,4,2,0,2,0.08
Germany,Sales,Day,2025-10-01 00:00:00,220,37.5,37.29,0.69,0.9,33,15,0,7,0.0318
Ireland,Technology,Day,2026-03-01 00:00:00,44,37.5,37.9,0.74,0.34,6,2,0,0,0.0
Ireland,Operations,Day,2025-12-01 00:00:00,95,40.0,41.34,2.68,1.34,25,7,16,19,0.2
France,Technology,Hybrid,2025-12-01 00:00:00,40,37.5,37.9,0.4,0.0,3,0,0,0,0.0
Netherlands,Technology,Hybrid,2026-03-01 00:00:00,12,37.5,37.5,0.0,0.0,0,0,0,0,0.0
Ireland,Operations,Night,2025-10-01 00:00:00,60,40.0,41.93,2.59,0.66,17,5,10,10,0.1667
France,Commercial,Day,2026-03-01 00:00:00,76,37.5,36.87,0.41,1.04,8,6,0,4,0.0526
Netherlands,Customer Support,Day,2025-12-01 00:00:00,55,37.5,37.29,0.76,1.02,7,2,3,5,0.0909
Ireland,Customer Support,Day,2026-03-01 00:00:00,40,37.5,38.66,1.26,0.1,8,1,2,2,0.05
Netherlands,People,Day,2025-11-01 00:00:00,16,37.5,35.5,0.0,2.0,0,2,0,1,0.0625
France,Finance,Hybrid,2025-10-01 00:00:00,20,37.5,35.03,0.13,2.6,2,3,0,2,0.1
Ireland,Supply Chain,Night,2026-01-01 00:00:00,16,40.0,42.76,3.01,0.25,4,1,3,3,0.1875
Ireland,People,Hybrid,2026-02-01 00:00:00,8,37.5,33.95,0.45,4.0,1,1,0,1,0.125
Netherlands,Customer Support,Rotating,2025-10-01 00:00:00,5,37.5,39.42,1.92,0.0,2,0,1,1,0.2
UK,Supply Chain,Day,2026-02-01 00:00:00,496,40.0,41.48,2.64,1.16,148,39,84,102,0.2056
Germany,Technology,Day,2026-03-01 00:00:00,120,37.5,37.19,0.78,1.1,18,10,2,6,0.05
France,People,Day,2026-01-01 00:00:00,56,37.5,36.07,0.12,1.55,2,8,0,2,0.0357
UK,Supply Chain,Rotating,2025-11-01 00:00:00,256,40.0,41.51,2.65,1.13,75,18,44,53,0.207
UK,Operations,Day,2025-10-01 00:00:00,1320,40.0,42.31,3.24,0.93,477,87,266,294,0.2227
UK,Customer Support,Rotating,2026-03-01 00:00:00,72,37.5,37.13,1.41,1.78,16,5,7,10,0.1389
UK,Customer Support,Evening,2026-03-01 00:00:00,144,37.5,37.49,1.05,1.05,27,9,5,10,0.0694
France,Customer Support,Day,2025-11-01 00:00:00,88,37.5,38.19,1.23,0.55,17,4,5,5,0.0568
UK,Technology,Hybrid,2025-12-01 00:00:00,110,37.5,37.19,0.41,0.72,11,7,0,3,0.0273
Germany,People,Day,2025-11-01 00:00:00,100,37.5,37.35,0.37,0.52,11,6,0,2,0.02
Germany,Supply Chain,Night,2025-12-01 00:00:00,105,40.0,41.54,2.3,0.76,28,7,16,18,0.1714
UK,Customer Support,Day,2025-12-01 00:00:00,555,37.5,37.87,1.12,0.76,118,33,24,32,0.0577
Germany,Commercial,Day,2025-10-01 00:00:00,155,37.5,37.35,0.57,0.72,22,9,0,4,0.0258
Germany,Operations,Rotating,2025-12-01 00:00:00,220,40.0,41.72,2.76,1.04,76,16,35,40,0.1818
Ireland,Supply Chain,Day,2025-11-01 00:00:00,52,40.0,40.74,2.13,1.38,11,6,8,10,0.1923
UK,Sales,Hybrid,2026-02-01 00:00:00,44,37.5,37.56,0.61,0.55,6,1,0,1,0.0227
Germany,Supply Chain,Day,2026-01-01 00:00:00,240,40.0,40.69,2.03,1.34,57,23,31,38,0.1583
Germany,Commercial,Hybrid,2026-03-01 00:00:00,20,37.5,36.75,1.23,1.98,6,2,0,1,0.05
France,Operations,Night,2026-02-01 00:00:00,60,40.0,40.24,2.04,1.8,14,4,7,9,0.15
France,Sales,Day,2025-11-01 00:00:00,80,37.5,36.73,0.49,1.29,9,6,0,3,0.0375
Netherlands,Supply Chain,Rotating,2025-11-01 00:00:00,44,40.0,41.29,1.92,0.64,10,3,5,6,0.1364
UK,Finance,Hybrid,2026-01-01 00:00:00,68,37.5,37.22,0.37,0.65,10,4,0,1,0.0147
Netherlands,Commercial,Day,2026-01-01 00:00:00,60,37.5,37.41,0.18,0.27,3,1,0,1,0.0167
Ireland,Technology,Day,2025-12-01 00:00:00,55,37.5,37.09,0.67,1.08,9,5,0,1,0.0182
Ireland,Operations,Day,2026-03-01 00:00:00,76,40.0,41.51,2.46,0.95,20,3,11,13,0.1711
Netherlands,Supply Chain,Night,2026-02-01 00:00:00,40,40.0,40.64,1.53,0.89,9,5,3,3,0.075
Germany,Sales,Hybrid,2026-02-01 00:00:00,4,37.5,36.8,1.3,2.0,1,1,0,0,0.0
France,Technology,Hybrid,2026-03-01 00:00:00,32,37.5,36.99,0.35,0.86,3,4,0,0,0.0
Netherlands,Technology,Hybrid,2025-12-01 00:00:00,15,37.5,37.96,0.46,0.0,1,0,0,0,0.0
Netherlands,Sales,Day,2025-10-01 00:00:00,100,37.5,37.25,0.43,0.68,12,5,0,3,0.03
France,Commercial,Day,2025-12-01 00:00:00,95,37.5,36.8,0.41,1.14,8,5,0,3,0.0316
Netherlands,Operations,Night,2026-02-01 00:00:00,44,40.0,40.99,1.7,0.72,9,3,5,5,0.1136
Netherlands,Customer Support,Day,2026-03-01 00:00:00,44,37.5,37.99,1.02,0.53,7,2,1,2,0.0455
Germany,Customer Support,Rotating,2025-10-01 00:00:00,45,37.5,35.81,1.0,2.74,8,7,2,6,0.1333
France,Sales,Hybrid,2026-01-01 00:00:00,16,37.5,35.59,0.09,2.0,1,1,0,1,0.0625
Netherlands,Customer Support,Evening,2025-10-01 00:00:00,5,37.5,34.08,1.38,4.8,2,1,0,1,0.2
Netherlands,Sales,Hybrid,2025-11-01 00:00:00,20,37.5,37.91,0.81,0.4,3,1,0,0,0.0
Ireland,Customer Support,Day,2025-12-01 00:00:00,50,37.5,37.53,0.82,0.79,8,4,0,1,0.02
Ireland,Technology,Hybrid,2025-11-01 00:00:00,8,37.5,36.56,0.0,0.94,0,1,0,0,0.0
Ireland,Sales,Hybrid,2025-11-01 00:00:00,4,37.5,37.5,0.0,0.0,0,0,0,0,0.0
Germany,People,Hybrid,2026-02-01 00:00:00,4,37.5,37.5,0.0,0.0,0,0,0,0,0.0
France,People,Hybrid,2025-11-01 00:00:00,12,37.5,37.5,0.0,0.0,0,0,0,0,0.0
Ireland,Customer Support,Evening,2026-03-01 00:00:00,20,37.5,35.34,1.24,3.4,5,3,1,3,0.15
Ireland,Finance,Day,2026-01-01 00:00:00,16,37.5,34.88,0.35,2.97,3,4,0,1,0.0625
Ireland,Operations,Rotating,2026-03-01 00:00:00,32,40.0,41.7,2.69,0.98,11,3,5,6,0.1875
UK,Supply Chain,Rotating,2025-10-01 00:00:00,320,40.0,40.94,2.26,1.32,82,26,46,60,0.1875
UK,Operations,Day,2025-11-01 00:00:00,1056,40.0,42.56,3.27,0.72,375,58,214,233,0.2206
France,Customer Support,Rotating,2026-03-01 00:00:00,8,37.5,38.65,1.15,0.0,2,0,0,0,0.0
France,Customer Support,Day,2025-10-01 00:00:00,110,37.5,36.83,0.49,1.16,11,5,2,6,0.0545
Germany,People,Day,2025-10-01 00:00:00,125,37.5,36.8,0.22,0.92,13,6,0,3,0.024
Ireland,Sales,Day,2026-01-01 00:00:00,52,37.5,38.41,1.06,0.14,11,1,0,0,0.0
Germany,Commercial,Day,2025-11-01 00:00:00,124,37.5,37.64,0.71,0.57,20,6,0,2,0.0161
Germany,Customer Support,Evening,2026-02-01 00:00:00,56,37.5,37.79,1.15,0.86,12,3,2,3,0.0536
UK,Finance,Day,2025-12-01 00:00:00,320,37.5,36.99,0.26,0.77,32,17,0,8,0.025
Germany,Finance,Day,2026-02-01 00:00:00,80,37.5,36.92,0.26,0.84,8,8,0,2,0.025
France,Customer Support,Evening,2026-03-01 00:00:00,48,37.5,37.85,0.76,0.42,6,3,2,2,0.0417
Ireland,Supply Chain,Day,2025-10-01 00:00:00,65,40.0,40.94,1.79,0.85,14,3,7,9,0.1385
France,Supply Chain,Day,2026-02-01 00:00:00,168,40.0,41.24,2.1,0.85,42,8,17,19,0.1131
France,Sales,Day,2025-10-01 00:00:00,100,37.5,37.59,0.41,0.32,10,1,0,1,0.01
Netherlands,Supply Chain,Rotating,2025-10-01 00:00:00,55,40.0,40.88,1.32,0.44,9,2,4,5,0.0909
Germany,Supply Chain,Rotating,2025-12-01 00:00:00,145,40.0,40.62,1.8,1.18,29,13,18,22,0.1517
Netherlands,Technology,Day,2026-03-01 00:00:00,48,37.5,37.98,0.48,0.0,6,0,0,0,0.0
Netherlands,Finance,Day,2026-02-01 00:00:00,36,37.5,37.46,0.07,0.11,2,1,0,0,0.0
Netherlands,Sales,Day,2025-11-01 00:00:00,80,37.5,37.85,0.54,0.19,11,2,0,0,0.0
Germany,Customer Support,Rotating,2025-11-01 00:00:00,36,37.5,37.0,1.15,1.65,8,4,2,4,0.1111
Ireland,Supply Chain,Rotating,2026-01-01 00:00:00,36,40.0,41.32,2.54,1.22,10,5,6,7,0.1944
Netherlands,Customer Support,Evening,2025-11-01 00:00:00,4,37.5,41.78,4.28,0.0,2,0,2,2,0.5
Netherlands,Sales,Hybrid,2025-10-01 00:00:00,25,37.5,37.55,0.35,0.3,3,1,0,0,0.0
France,Commercial,Hybrid,2026-01-01 00:00:00,12,37.5,37.48,0.32,0.33,1,1,0,0,0.0
Ireland,Technology,Hybrid,2025-10-01 00:00:00,10,37.5,38.17,0.67,0.0,2,0,0,0,0.0
Ireland,Sales,Hybrid,2025-10-01 00:00:00,5,37.5,30.0,0.0,8.0,0,1,0,1,0.2
France,People,Hybrid,2025-10-01 00:00:00,15,37.5,37.5,0.0,0.0,0,0,0,0,0.0
UK,Supply Chain,Day,2025-11-01 00:00:00,496,40.0,41.99,2.51,0.52,137,25,80,85,0.1714
Ireland,Customer Support,Evening,2026-01-01 00:00:00,20,37.5,38.51,1.0,0.0,4,0,0,0,0.0
Ireland,Finance,Day,2026-03-01 00:00:00,16,37.5,37.48,0.45,0.47,2,1,0,0,0.0
Ireland,Operations,Rotating,2026-01-01 00:00:00,32,40.0,40.82,3.18,2.36,13,4,6,8,0.25
UK,Supply Chain,Rotating,2026-02-01 00:00:00,256,40.0,41.49,2.22,0.73,63,13,37,43,0.168
France,Customer Support,Rotating,2026-01-01 00:00:00,8,37.5,37.74,0.24,0.0,1,0,0,0,0.0
France,Customer Support,Day,2026-02-01 00:00:00,88,37.5,37.92,1.01,0.59,16,4,4,6,0.0682
Germany,People,Day,2026-02-01 00:00:00,100,37.5,36.32,0.2,1.42,11,7,0,3,0.03
Ireland,Sales,Day,2026-03-01 00:00:00,52,37.5,37.02,0.76,1.29,10,5,0,1,0.0192
Germany,Customer Support,Evening,2025-10-01 00:00:00,70,37.5,37.03,0.9,1.36,13,6,2,5,0.0714
Germany,Finance,Day,2025-10-01 00:00:00,100,37.5,37.08,0.25,0.67,10,6,0,3,0.03
UK,Technology,Day,2025-12-01 00:00:00,370,37.5,37.52,0.61,0.6,52,14,0,7,0.0189
Germany,Finance,Hybrid,2025-12-01 00:00:00,25,37.5,37.68,0.18,0.0,1,0,0,0,0.0
France,Customer Support,Evening,2026-01-01 00:00:00,48,37.5,36.35,0.84,1.99,7,6,1,5,0.1042
Ireland,Supply Chain,Day,2026-02-01 00:00:00,52,40.0,41.35,2.51,1.15,15,5,6,8,0.1538
UK,Sales,Hybrid,2025-11-01 00:00:00,44,37.5,36.91,0.63,1.27,5,2,0,2,0.0455
France,Supply Chain,Day,2025-10-01 00:00:00,210,40.0,40.5,2.02,1.52,48,20,27,36,0.1714
France,Operations,Night,2025-11-01 00:00:00,60,40.0,42.05,2.84,0.79,17,3,12,14,0.2333
France,Sales,Day,2026-02-01 00:00:00,80,37.5,37.39,0.39,0.5,7,3,0,2,0.025
Netherlands,Supply Chain,Rotating,2026-02-01 00:00:00,44,40.0,40.46,1.54,1.08,7,5,4,6,0.1364
Netherlands,Technology,Day,2026-01-01 00:00:00,48,37.5,37.53,0.2,0.17,2,1,0,0,0.0
France,Supply Chain,Rotating,2025-12-01 00:00:00,75,40.0,41.7,3.72,2.02,26,6,20,23,0.3067
Netherlands,Supply Chain,Night,2025-11-01 00:00:00,40,40.0,41.0,1.6,0.6,7,1,4,5,0.125
UK,People,Hybrid,2025-12-01 00:00:00,40,37.5,37.49,0.38,0.39,5,2,0,0,0.0
Germany,Sales,Hybrid,2025-11-01 00:00:00,4,37.5,40.25,2.75,0.0,2,0,0,0,0.0
Ireland,People,Day,2025-12-01 00:00:00,15,37.5,36.94,0.47,1.03,2,2,0,0,0.0
Netherlands,Finance,Day,2025-10-01 00:00:00,45,37.5,37.74,0.24,0.0,4,0,0,0,0.0
Netherlands,Operations,Night,2025-11-01 00:00:00,44,40.0,41.85,2.92,1.07,15,4,10,11,0.25
Ireland,Supply Chain,Rotating,2026-03-01 00:00:00,36,40.0,41.54,1.65,0.11,6,1,4,4,0.1111
Netherlands,Sales,Hybrid,2026-02-01 00:00:00,20,37.5,37.21,0.89,1.18,4,2,0,1,0.05
France,Commercial,Hybrid,2026-03-01 00:00:00,12,37.5,36.95,0.78,1.33,2,1,0,1,0.0833
Ireland,Technology,Hybrid,2026-02-01 00:00:00,8,37.5,37.5,0.0,0.0,0,0,0,0,0.0
Ireland,Sales,Hybrid,2026-02-01 00:00:00,4,37.5,28.0,0.88,11.0,1,2,0,1,0.25
Germany,People,Hybrid,2025-11-01 00:00:00,4,37.5,37.5,0.0,0.0,0,0,0,0,0.0
Netherlands,Commercial,Hybrid,2025-12-01 00:00:00,15,37.5,37.98,1.01,0.53,3,1,0,0,0.0
France,People,Hybrid,2026-02-01 00:00:00,12,37.5,36.17,0.0,1.33,0,1,0,1,0.0833
Ireland,Commercial,Hybrid,2025-12-01 00:00:00,10,37.5,38.05,0.55,0.0,2,0,0,0,0.0
Ireland,Finance,Day,2025-12-01 00:00:00,20,37.5,37.15,0.26,0.6,2,2,0,0,0.0
UK,Sales,Day,2025-10-01 00:00:00,580,37.5,37.65,0.79,0.64,95,26,0,12,0.0207
Germany,Operations,Night,2025-11-01 00:00:00,148,40.0,40.75,2.66,1.91,47,18,22,28,0.1892
UK,Supply Chain,Night,2025-10-01 00:00:00,230,40.0,41.98,3.03,1.05,80,17,48,57,0.2478
Netherlands,Operations,Day,2025-11-01 00:00:00,136,40.0,41.4,2.27,0.88,34,8,17,20,0.1471
Germany,Operations,Day,2025-11-01 00:00:00,324,40.0,41.78,2.81,1.03,99,24,60,68,0.2099
Ireland,Sales,Day,2025-12-01 00:00:00,65,37.5,37.18,0.98,1.29,13,5,0,3,0.0462
France,Operations,Rotating,2026-02-01 00:00:00,112,40.0,42.54,3.66,1.13,39,10,27,31,0.2768
UK,Operations,Rotating,2025-11-01 00:00:00,344,40.0,42.73,3.46,0.73,123,17,79,87,0.2529
Germany,Customer Support,Day,2026-02-01 00:00:00,144,37.5,37.82,0.93,0.61,27,6,6,8,0.0556
France,Finance,Day,2025-11-01 00:00:00,64,37.5,36.86,0.3,0.94,8,4,0,2,0.0313
Netherlands,Finance,Hybrid,2026-02-01 00:00:00,8,37.5,33.5,0.0,4.0,0,1,0,1,0.125
UK,Finance,Day,2026-01-01 00:00:00,256,37.5,37.74,0.38,0.14,32,4,0,1,0.0039
UK,Technology,Day,2026-03-01 00:00:00,296,37.5,37.74,0.68,0.45,46,5,0,4,0.0135
Germany,Finance,Hybrid,2026-03-01 00:00:00,20,37.5,36.7,0.0,0.8,0,1,0,1,0.05
Netherlands,Supply Chain,Day,2025-10-01 00:00:00,85,40.0,41.95,2.19,0.24,23,2,10,11,0.1294
Germany,Supply Chain,Rotating,2026-01-01 00:00:00,116,40.0,40.67,2.04,1.38,28,10,14,18,0.1552
France,Supply Chain,Rotating,2026-03-01 00:00:00,60,40.0,41.0,2.19,1.19,15,5,7,9,0.15
UK,People,Hybrid,2026-03-01 00:00:00,32,37.5,36.79,0.29,1.0,3,1,0,1,0.0313
UK,Commercial,Hybrid,2025-10-01 00:00:00,85,37.5,38.35,0.98,0.14,18,2,0,0,0.0
Ireland,People,Day,2026-03-01 00:00:00,12,37.5,35.58,0.08,2.0,1,1,0,1,0.0833
Ireland,Supply Chain,Rotating,2025-12-01 00:00:00,45,40.0,40.36,1.52,1.16,7,4,5,7,0.1556
France,Commercial,Hybrid,2025-12-01 00:00:00,15,37.5,37.13,0.7,1.07,2,1,0,1,0.0667
Netherlands,People,Day,2026-02-01 00:00:00,16,37.5,37.5,0.0,0.0,0,0,0,0,0.0
Ireland,Commercial,Day,2025-10-01 00:00:00,40,37.5,36.75,0.86,1.6,8,4,0,2,0.05
Ireland,People,Hybrid,2025-11-01 00:00:00,8,37.5,36.66,0.1,0.94,1,1,0,0,0.0
Netherlands,Commercial,Hybrid,2026-03-01 00:00:00,12,37.5,37.82,0.32,0.0,1,0,0,0,0.0
Ireland,Commercial,Hybrid,2026-03-01 00:00:00,8,37.5,36.5,0.0,1.0,0,1,0,0,0.0
Germany,Technology,Day,2025-11-01 00:00:00,120,37.5,37.34,0.58,0.76,13,5,0,2,0.0167
Ireland,Customer Support,Evening,2025-10-01 00:00:00,25,37.5,37.96,2.0,1.54,8,4,3,4,0.16
Ireland,Finance,Day,2026-02-01 00:00:00,16,37.5,36.62,0.12,1.0,1,1,0,1,0.0625
Ireland,Operations,Rotating,2025-10-01 00:00:00,40,40.0,41.13,3.51,2.38,16,6,10,11,0.275
UK,Supply Chain,Rotating,2026-03-01 00:00:00,256,40.0,41.67,2.69,1.02,73,20,45,50,0.1953
UK,Customer Support,Rotating,2025-11-01 00:00:00,72,37.5,36.74,0.74,1.5,12,8,2,6,0.0833
UK,Customer Support,Evening,2025-11-01 00:00:00,144,37.5,37.44,1.27,1.33,33,10,7,12,0.0833
France,Customer Support,Rotating,2025-10-01 00:00:00,10,37.5,39.42,1.92,0.0,2,0,2,2,0.2
France,Customer Support,Day,2026-03-01 00:00:00,88,37.5,37.28,0.9,1.13,17,7,2,6,0.0682
Germany,People,Day,2026-03-01 00:00:00,100,37.5,36.59,0.34,1.27,11,6,0,3,0.03
Ireland,Sales,Day,2026-02-01 00:00:00,52,37.5,37.84,1.34,1.0,14,3,0,2,0.0385
France,Operations,Rotating,2025-12-01 00:00:00,140,40.0,41.45,2.41,0.96,37,11,21,24,0.1714
Germany,Customer Support,Day,2025-12-01 00:00:00,180,37.5,37.19,0.93,1.26,31,17,8,12,0.0667
Germany,Customer Support,Evening,2026-01-01 00:00:00,56,37.5,37.95,1.02,0.56,8,6,5,5,0.0893
Netherlands,Finance,Hybrid,2025-12-01 00:00:00,10,37.5,37.5,0.0,0.0,0,0,0,0,0.0
Germany,Finance,Day,2026-01-01 00:00:00,80,37.5,36.55,0.3,1.25,8,5,0,4,0.05
France,Customer Support,Evening,2025-10-01 00:00:00,60,37.5,37.24,0.52,0.78,5,5,2,3,0.05
Ireland,Supply Chain,Day,2026-03-01 00:00:00,52,40.0,40.01,2.01,2.0,12,5,8,12,0.2308
France,Supply Chain,Day,2026-01-01 00:00:00,168,40.0,40.97,2.04,1.07,39,14,21,22,0.131
Germany,Commercial,Hybrid,2025-11-01 00:00:00,20,37.5,36.55,0.65,1.6,3,1,0,1,0.05
France,Sales,Day,2026-03-01 00:00:00,80,37.5,36.67,0.7,1.54,11,8,0,3,0.0375
Netherlands,Supply Chain,Rotating,2026-03-01 00:00:00,44,40.0,41.96,2.13,0.17,12,1,5,5,0.1136
Netherlands,Technology,Day,2025-10-01 00:00:00,60,37.5,36.88,0.0,0.67,0,1,0,1,0.0167
Ireland,Operations,Day,2025-11-01 00:00:00,76,40.0,41.94,2.3,0.37,20,3,10,11,0.1447
France,Technology,Hybrid,2025-11-01 00:00:00,32,37.5,37.64,0.39,0.25,3,1,0,0,0.0
Netherlands,Finance,Day,2026-01-01 00:00:00,36,37.5,36.95,0.11,0.67,2,2,0,1,0.0278
Netherlands,Customer Support,Day,2025-11-01 00:00:00,44,37.5,38.32,0.82,0.0,7,0,2,2,0.0455
Ireland,Supply Chain,Rotating,2026-02-01 00:00:00,36,40.0,40.85,1.83,0.99,7,4,4,5,0.1389
Netherlands,Sales,Hybrid,2026-03-01 00:00:00,20,37.5,37.71,0.21,0.0,2,0,0,0,0.0
France,Commercial,Hybrid,2026-02-01 00:00:00,12,37.5,36.82,0.33,1.0,1,2,0,0,0.0
Netherlands,People,Day,2025-12-01 00:00:00,20,37.5,37.56,0.06,0.0,1,0,0,0,0.0
Ireland,Technology,Hybrid,2026-03-01 00:00:00,8,37.5,37.5,0.0,0.0,0,0,0,0,0.0
Ireland,Sales,Hybrid,2026-03-01 00:00:00,4,37.5,39.35,1.85,0.0,2,0,0,0,0.0
France,People,Hybrid,2026-03-01 00:00:00,12,37.5,32.17,0.0,5.33,0,2,0,2,0.1667
UK,Supply Chain,Day,2026-03-01 00:00:00,496,40.0,41.88,2.66,0.78,150,26,82,93,0.1875
Germany,Technology,Day,2026-02-01 00:00:00,120,37.5,37.29,0.51,0.72,15,7,0,3,0.025
Ireland,Finance,Day,2025-11-01 00:00:00,16,37.5,37.82,0.57,0.25,2,1,0,0,0.0
Germany,Operations,Night,2025-12-01 00:00:00,185,40.0,41.29,2.32,1.03,54,10,24,30,0.1622
France,People,Day,2025-10-01 00:00:00,70,37.5,36.71,0.18,0.97,4,3,0,2,0.0286
UK,Operations,Day,2026-01-01 00:00:00,1056,40.0,42.19,3.06,0.87,361,66,214,231,0.2188
UK,Customer Support,Rotating,2026-02-01 00:00:00,72,37.5,38.37,1.42,0.56,17,3,3,5,0.0694
UK,Customer Support,Evening,2026-02-01 00:00:00,144,37.5,37.78,1.22,0.94,33,8,6,11,0.0764
Netherlands,Operations,Day,2025-12-01 00:00:00,170,40.0,41.43,2.06,0.63,38,9,22,24,0.1412
Germany,Operations,Day,2025-12-01 00:00:00,405,40.0,42.17,3.02,0.85,132,30,76,82,0.2025
Ireland,Sales,Day,2025-11-01 00:00:00,52,37.5,37.96,1.68,1.22,18,4,0,2,0.0385
UK,Operations,Rotating,2025-12-01 00:00:00,430,40.0,42.23,2.79,0.56,139,18,72,77,0.1791
Germany,Commercial,Day,2026-01-01 00:00:00,124,37.5,37.64,0.84,0.7,22,6,0,3,0.0242
France,Finance,Day,2025-12-01 00:00:00,80,37.5,36.72,0.28,1.07,8,9,0,2,0.025
UK,Sales,Hybrid,2026-03-01 00:00:00,44,37.5,37.47,0.68,0.7,6,3,0,1,0.0227
Germany,Supply Chain,Day,2025-10-01 00:00:00,300,40.0,40.29,1.89,1.59,61,26,35,49,0.1633
Germany,Commercial,Hybrid,2026-02-01 00:00:00,20,37.5,37.84,0.34,0.0,1,0,0,0,0.0
France,Operations,Night,2026-03-01 00:00:00,60,40.0,41.36,1.56,0.2,11,2,6,6,0.1
UK,Finance,Hybrid,2025-10-01 00:00:00,85,37.5,37.26,0.38,0.61,12,3,0,2,0.0235
Netherlands,Commercial,Day,2025-10-01 00:00:00,75,37.5,36.61,0.67,1.59,10,5,0,4,0.0533
Ireland,Operations,Day,2026-02-01 00:00:00,76,40.0,42.21,2.53,0.32,20,1,13,13,0.1711
Netherlands,Supply Chain,Night,2026-03-01 00:00:00,40,40.0,41.15,1.74,0.59,8,2,4,5,0.125
Germany,Sales,Hybrid,2026-03-01 00:00:00,4,37.5,28.38,0.25,10.0,1,1,0,1,0.25
France,Technology,Hybrid,2026-02-01 00:00:00,32,37.5,36.49,0.49,1.5,4,2,0,2,0.0625
Netherlands,Sales,Day,2026-01-01 00:00:00,80,37.5,37.53,0.38,0.35,7,3,0,1,0.0125
Netherlands,Operations,Night,2026-03-01 00:00:00,44,40.0,42.3,2.99,0.69,14,4,8,8,0.1818
Netherlands,Customer Support,Day,2026-02-01 00:00:00,44,37.5,38.07,0.66,0.09,6,1,0,0,0.0
Germany,Customer Support,Rotating,2026-01-01 00:00:00,36,37.5,37.21,1.3,1.67,8,3,1,3,0.0833
Ireland,Supply Chain,Rotating,2025-11-01 00:00:00,36,40.0,40.21,0.64,0.43,6,2,0,0,0.0
France,Sales,Hybrid,2025-10-01 00:00:00,20,37.5,38.13,0.83,0.2,3,1,0,0,0.0
Netherlands,Customer Support,Evening,2026-01-01 00:00:00,4,37.5,37.5,0.0,0.0,0,0,0,0,0.0
France,Commercial,Hybrid,2025-11-01 00:00:00,12,37.5,36.97,0.43,0.96,1,2,0,0,0.0
Ireland,People,Hybrid,2025-12-01 00:00:00,10,37.5,35.9,0.0,1.6,0,1,0,1,0.1
Germany,People,Hybrid,2026-03-01 00:00:00,4,37.5,37.5,0.0,0.0,0,0,0,0,0.0
UK,Supply Chain,Day,2025-10-01 00:00:00,620,40.0,41.88,2.64,0.75,178,38,115,124,0.2
Germany,Technology,Day,2026-01-01 00:00:00,120,37.5,37.11,0.47,0.85,13,7,0,3,0.025
France,Technology,Day,2025-12-01 00:00:00,80,37.5,37.8,0.4,0.1,8,1,0,0,0.0
France,People,Day,2026-03-01 00:00:00,56,37.5,37.5,0.35,0.35,7,3,0,0,0.0
UK,Operations,Day,2026-02-01 00:00:00,1056,40.0,42.03,3.1,1.07,365,80,206,235,0.2225
Netherlands,Operations,Rotating,2025-12-01 00:00:00,65,40.0,43.2,3.88,0.68,25,3,15,17,0.2615
UK,Customer Support,Rotating,2026-01-01 00:00:00,72,37.5,38.33,1.27,0.44,16,3,2,3,0.0417
UK,Customer Support,Evening,2026-01-01 00:00:00,144,37.5,37.38,0.98,1.1,30,13,3,8,0.0556
UK,Commercial,Day,2025-12-01 00:00:00,305,37.5,37.85,0.62,0.27,49,9,0,2,0.0066
Germany,Technology,Hybrid,2025-12-01 00:00:00,35,37.5,36.31,0.41,1.6,2,4,0,2,0.0571
Germany,Commercial,Day,2026-02-01 00:00:00,124,37.5,37.04,0.92,1.38,21,12,0,6,0.0484
Germany,Customer Support,Evening,2025-11-01 00:00:00,56,37.5,37.23,0.85,1.13,9,4,3,5,0.0893
Germany,Finance,Day,2025-11-01 00:00:00,80,37.5,37.5,0.4,0.4,9,4,0,1,0.0125
UK,Sales,Hybrid,2025-10-01 00:00:00,55,37.5,37.34,0.28,0.44,5,3,0,1,0.0182
France,Supply Chain,Day,2025-11-01 00:00:00,168,40.0,41.01,2.18,1.17,34,12,23,27,0.1607
Germany,Supply Chain,Day,2026-03-01 00:00:00,240,40.0,41.19,2.49,1.31,68,19,36,44,0.1833
Germany,Commercial,Hybrid,2026-01-01 00:00:00,20,37.5,36.47,0.37,1.4,1,2,0,1,0.05
France,Operations,Night,2025-10-01 00:00:00,75,40.0,40.86,2.17,1.31,19,9,8,10,0.1333
UK,Finance,Hybrid,2026-03-01 00:00:00,68,37.5,37.27,0.19,0.41,6,2,0,1,0.0147
Netherlands,Commercial,Day,2026-03-01 00:00:00,60,37.5,37.15,0.18,0.53,4,3,0,1,0.0167
Ireland,Operations,Day,2026-01-01 00:00:00,76,40.0,41.13,1.97,0.84,17,5,10,11,0.1447
Netherlands,Supply Chain,Night,2025-10-01 00:00:00,50,40.0,41.16,2.36,1.2,13,3,8,10,0.2
Germany,Sales,Hybrid,2025-10-01 00:00:00,5,37.5,37.5,0.0,0.0,0,0,0,0,0.0
France,Technology,Hybrid,2026-01-01 00:00:00,32,37.5,37.0,0.0,0.5,0,2,0,0,0.0
Netherlands,Finance,Day,2025-11-01 00:00:00,36,37.5,37.54,0.04,0.0,1,0,0,0,0.0
Netherlands,Sales,Day,2026-02-01 00:00:00,80,37.5,36.92,0.76,1.4,10,5,0,3,0.0375
Netherlands,Operations,Night,2025-10-01 00:00:00,55,40.0,42.83,3.05,0.22,20,2,9,9,0.1636
Netherlands,Customer Support,Day,2026-01-01 00:00:00,44,37.5,37.6,0.46,0.36,4,1,1,2,0.0455
Germany,Customer Support,Rotating,2026-02-01 00:00:00,36,37.5,38.39,1.11,0.22,6,1,2,2,0.0556
France,Sales,Hybrid,2026-03-01 00:00:00,16,37.5,37.96,0.46,0.0,2,0,0,0,0.0
Netherlands,Customer Support,Evening,2026-02-01 00:00:00,4,37.5,44.45,6.95,0.0,3,0,3,3,0.75
Ireland,Supply Chain,Night,2025-12-01 00:00:00,20,40.0,39.74,2.51,2.78,6,4,3,3,0.15
Germany,People,Hybrid,2025-10-01 00:00:00,5,37.5,37.5,0.0,0.0,0,0,0,0,0.0
UK,Supply Chain,Day,2025-12-01 00:00:00,620,40.0,41.23,2.6,1.37,179,51,104,132,0.2129
France,Technology,Day,2025-10-01 00:00:00,80,37.5,37.69,0.33,0.14,6,2,0,0,0.0
Germany,Operations,Night,2026-03-01 00:00:00,148,40.0,42.76,3.34,0.58,51,9,33,35,0.2365
Netherlands,Operations,Rotating,2025-10-01 00:00:00,65,40.0,42.0,2.54,0.54,18,5,9,9,0.1385
Netherlands,Operations,Day,2026-03-01 00:00:00,136,40.0,42.16,2.71,0.56,37,5,26,28,0.2059
UK,Operations,Night,2026-01-01 00:00:00,380,40.0,42.35,3.17,0.81,128,28,78,83,0.2184
Germany,Operations,Day,2026-03-01 00:00:00,324,40.0,41.47,2.58,1.11,102,30,50,62,0.1914
UK,Commercial,Day,2025-10-01 00:00:00,305,37.5,37.98,0.7,0.22,43,8,0,1,0.0033
UK,Technology,Hybrid,2026-02-01 00:00:00,88,37.5,37.6,1.0,0.91,16,5,0,3,0.0341
Germany,Supply Chain,Night,2026-02-01 00:00:00,84,40.0,40.89,1.88,0.99,19,9,10,11,0.131
UK,Customer Support,Day,2026-02-01 00:00:00,444,37.5,37.52,1.11,1.1,82,32,25,40,0.0901
UK,People,Day,2026-01-01 00:00:00,200,37.5,37.61,0.39,0.28,26,5,0,2,0.01
UK,Operations,Rotating,2026-03-01 00:00:00,344,40.0,41.87,3.28,1.41,127,29,74,88,0.2558
Germany,Technology,Hybrid,2025-10-01 00:00:00,35,37.5,37.5,0.44,0.44,3,2,0,0,0.0
France,Operations,Day,2026-01-01 00:00:00,216,40.0,42.19,3.08,0.9,73,14,43,48,0.2222
France,Finance,Day,2026-03-01 00:00:00,64,37.5,36.27,0.27,1.5,6,4,0,4,0.0625
UK,Technology,Day,2025-11-01 00:00:00,296,37.5,37.98,0.7,0.22,45,8,0,1,0.0034
Germany,Operations,Rotating,2026-02-01 00:00:00,176,40.0,42.04,3.35,1.31,59,14,42,47,0.267
Germany,Finance,Hybrid,2025-11-01 00:00:00,20,37.5,37.74,0.24,0.0,2,0,0,0,0.0
France,Supply Chain,Night,2026-01-01 00:00:00,44,40.0,41.61,3.52,1.91,16,5,13,14,0.3182
UK,Sales,Hybrid,2025-12-01 00:00:00,55,37.5,37.15,0.82,1.16,11,3,0,2,0.0364
France,Operations,Night,2025-12-01 00:00:00,75,40.0,42.01,2.96,0.95,22,6,15,16,0.2133
Germany,Sales,Day,2026-01-01 00:00:00,176,37.5,37.7,0.79,0.59,29,9,0,2,0.0114
France,Supply Chain,Rotating,2025-11-01 00:00:00,60,40.0,41.38,2.31,0.93,16,4,9,10,0.1667
Ireland,Technology,Day,2026-02-01 00:00:00,44,37.5,37.18,0.22,0.55,3,2,0,1,0.0227
Netherlands,Supply Chain,Night,2025-12-01 00:00:00,50,40.0,41.12,1.59,0.47,8,3,5,5,0.1
UK,People,Hybrid,2025-11-01 00:00:00,32,37.5,37.06,0.06,0.5,2,1,0,1,0.0313
Germany,Sales,Hybrid,2025-12-01 00:00:00,5,37.5,39.22,1.72,0.0,3,0,0,0,0.0
Ireland,People,Day,2025-11-01 00:00:00,12,37.5,37.86,0.36,0.0,1,0,0,0,0.0
Netherlands,Technology,Hybrid,2026-02-01 00:00:00,12,37.5,37.5,0.0,0.0,0,0,0,0,0.0
Ireland,Operations,Night,2026-01-01 00:00:00,48,40.0,41.04,1.93,0.9,13,5,5,6,0.125
France,Commercial,Day,2026-02-01 00:00:00,76,37.5,38.19,0.79,0.11,11,1,0,0,0.0
Netherlands,Operations,Night,2025-12-01 00:00:00,55,40.0,41.06,1.86,0.8,14,5,5,6,0.1091
Ireland,Customer Support,Day,2026-02-01 00:00:00,40,37.5,38.02,0.92,0.4,7,1,1,1,0.025
France,Finance,Hybrid,2026-01-01 00:00:00,16,37.5,37.16,0.16,0.5,1,1,0,0,0.0
Ireland,Supply Chain,Night,2025-10-01 00:00:00,20,40.0,39.56,1.96,2.4,5,2,3,4,0.2
Ireland,People,Hybrid,2026-03-01 00:00:00,8,37.5,35.34,0.34,2.5,1,2,0,1,0.125
Germany,People,Hybrid,2025-12-01 00:00:00,5,37.5,37.5,0.0,0.0,0,0,0,0,0.0
Netherlands,Commercial,Hybrid,2025-11-01 00:00:00,12,37.5,37.72,0.22,0.0,1,0,0,0,0.0
Netherlands,Customer Support,Rotating,2026-01-01 00:00:00,4,37.5,38.3,0.8,0.0,1,0,0,0,0.0
Ireland,Commercial,Hybrid,2025-11-01 00:00:00,8,37.5,37.67,0.18,0.0,1,0,0,0,0.0
Ireland,Customer Support,Evening,2025-12-01 00:00:00,25,37.5,38.43,1.39,0.46,6,2,0,0,0.0
UK,Sales,Day,2026-02-01 00:00:00,464,37.5,37.54,0.63,0.59,63,24,1,9,0.0194
Ireland,Operations,Rotating,2025-12-01 00:00:00,40,40.0,42.09,3.68,1.59,13,4,10,12,0.3
UK,Supply Chain,Night,2026-02-01 00:00:00,184,40.0,42.25,2.79,0.54,59,10,32,35,0.1902
France,Customer Support,Rotating,2025-12-01 00:00:00,10,37.5,31.83,0.73,6.4,2,2,0,2,0.2
UK,Operations,Night,2025-11-01 00:00:00,380,40.0,41.46,2.89,1.43,120,28,73,87,0.2289
UK,People,Day,2025-11-01 00:00:00,200,37.5,37.3,0.26,0.46,20,8,0,3,0.015
France,Operations,Rotating,2025-10-01 00:00:00,140,40.0,40.78,2.62,1.84,42,19,25,30,0.2143
Germany,Customer Support,Day,2025-10-01 00:00:00,180,37.5,37.55,1.19,1.14,39,14,7,13,0.0722
France,Operations,Day,2025-11-01 00:00:00,216,40.0,41.97,2.78,0.81,65,16,40,44,0.2037
Netherlands,Finance,Hybrid,2025-10-01 00:00:00,10,37.5,36.15,0.25,1.6,1,1,0,1,0.1
UK,Finance,Day,2026-03-01 00:00:00,256,37.5,36.97,0.41,0.95,37,11,0,8,0.0313
UK,Technology,Day,2026-01-01 00:00:00,296,37.5,37.8,0.65,0.35,38,9,1,5,0.0169
Germany,Finance,Hybrid,2026-01-01 00:00:00,20,37.5,35.74,0.12,2.0,1,1,0,1,0.05
France,Customer Support,Evening,2025-12-01 00:00:00,60,37.5,38.22,1.31,0.59,12,3,6,7,0.1167
France,Supply Chain,Night,2025-11-01 00:00:00,44,40.0,39.85,1.4,1.55,7,4,3,5,0.1136
Germany,Sales,Day,2025-11-01 00:00:00,176,37.5,37.5,0.72,0.72,30,13,0,3,0.017
Netherlands,Supply Chain,Day,2026-02-01 00:00:00,68,40.0,41.82,2.28,0.46,18,4,10,10,0.1471
Germany,Supply Chain,Rotating,2026-03-01 00:00:00,116,40.0,41.2,2.38,1.17,32,7,17,21,0.181
Netherlands,Technology,Day,2025-12-01 00:00:00,60,37.5,37.55,0.18,0.13,2,1,0,0,0.0
France,Supply Chain,Rotating,2026-01-01 00:00:00,60,40.0,41.18,1.98,0.8,16,3,6,7,0.1167
UK,People,Hybrid,2026-01-01 00:00:00,32,37.5,37.03,0.0,0.47,0,2,0,0,0.0
UK,Commercial,Hybrid,2026-02-01 00:00:00,68,37.5,37.29,0.48,0.69,9,4,0,2,0.0294
Ireland,People,Day,2026-01-01 00:00:00,12,37.5,36.88,0.0,0.63,0,1,0,0,0.0
Ireland,Operations,Night,2025-11-01 00:00:00,48,40.0,40.08,2.97,2.9,14,8,10,14,0.2917
Netherlands,People,Day,2025-10-01 00:00:00,20,37.5,37.5,0.0,0.0,0,0,0,0,0.0
Ireland,Commercial,Day,2026-02-01 00:00:00,32,37.5,35.72,0.45,2.23,4,3,0,2,0.0625
France,Finance,Hybrid,2025-11-01 00:00:00,16,37.5,35.58,0.08,2.0,1,2,0,1,0.0625
Netherlands,Commercial,Hybrid,2026-01-01 00:00:00,12,37.5,38.82,1.32,0.0,4,0,0,0,0.0
Netherlands,Customer Support,Rotating,2025-11-01 00:00:00,4,37.5,34.92,1.43,4.0,1,1,0,1,0.25
Ireland,Commercial,Hybrid,2026-01-01 00:00:00,8,37.5,37.94,0.44,0.0,1,0,0,0,0.0
France,Technology,Day,2026-02-01 00:00:00,64,37.5,37.13,0.0,0.38,0,1,0,1,0.0156
Germany,Operations,Night,2026-01-01 00:00:00,148,40.0,41.79,3.17,1.38,50,17,31,38,0.2568
UK,Operations,Day,2025-12-01 00:00:00,1320,40.0,42.16,3.15,1.0,466,88,264,289,0.2189
Netherlands,Operations,Rotating,2026-02-01 00:00:00,52,40.0,42.64,2.79,0.15,15,1,10,10,0.1923
Netherlands,Operations,Day,2026-01-01 00:00:00,136,40.0,41.84,2.33,0.49,34,7,21,21,0.1544
UK,Operations,Night,2026-03-01 00:00:00,380,40.0,41.78,2.81,1.03,122,32,68,74,0.1947
Germany,Operations,Day,2026-01-01 00:00:00,324,40.0,41.66,2.79,1.13,92,24,58,66,0.2037
UK,Commercial,Day,2026-02-01 00:00:00,244,37.5,37.84,0.68,0.34,37,9,0,3,0.0123
UK,Technology,Hybrid,2025-10-01 00:00:00,110,37.5,36.88,0.17,0.8,6,7,0,2,0.0182
Germany,Supply Chain,Night,2025-10-01 00:00:00,105,40.0,40.44,1.76,1.32,22,11,11,14,0.1333
UK,Customer Support,Day,2025-10-01 00:00:00,555,37.5,37.64,1.04,0.91,103,34,24,39,0.0703
UK,People,Day,2026-03-01 00:00:00,200,37.5,37.24,0.17,0.43,12,7,0,2,0.01
UK,Operations,Rotating,2026-01-01 00:00:00,344,40.0,42.12,3.09,0.97,112,24,75,83,0.2413
Germany,Technology,Hybrid,2026-02-01 00:00:00,28,37.5,37.57,0.75,0.68,4,3,0,0,0.0
Germany,Commercial,Day,2025-12-01 00:00:00,155,37.5,36.64,0.49,1.37,17,10,0,7,0.0452
France,Operations,Day,2026-03-01 00:00:00,216,40.0,41.21,2.51,1.3,60,18,36,40,0.1852
France,Finance,Day,2026-01-01 00:00:00,64,37.5,37.66,0.29,0.13,7,1,0,0,0.0
UK,Finance,Day,2025-11-01 00:00:00,256,37.5,36.93,0.32,0.88,25,19,0,8,0.0313
Germany,Operations,Rotating,2025-10-01 00:00:00,220,40.0,42.85,3.95,1.1,97,19,55,62,0.2818
France,Supply Chain,Night,2026-03-01 00:00:00,44,40.0,40.76,1.76,1.0,11,3,2,4,0.0909
Germany,Sales,Day,2026-03-01 00:00:00,176,37.5,37.08,0.61,1.04,26,9,0,6,0.0341
Germany,Supply Chain,Rotating,2025-11-01 00:00:00,116,40.0,41.34,2.05,0.71,28,7,14,16,0.1379
Ireland,Technology,Day,2025-10-01 00:00:00,55,37.5,37.04,0.7,1.15,10,7,0,1,0.0182
Netherlands,Technology,Hybrid,2025-10-01 00:00:00,15,37.5,37.86,0.36,0.0,2,0,0,0,0.0
Ireland,Operations,Night,2026-03-01 00:00:00,48,40.0,41.29,1.86,0.57,13,3,5,5,0.1042
Netherlands,Sales,Day,2025-12-01 00:00:00,100,37.5,37.37,0.35,0.48,8,2,0,2,0.02
France,Commercial,Day,2025-10-01 00:00:00,95,37.5,36.49,0.58,1.59,10,11,0,4,0.0421
Germany,Customer Support,Rotating,2025-12-01 00:00:00,45,37.5,37.58,0.7,0.62,7,3,0,1,0.0222
Netherlands,Customer Support,Evening,2025-12-01 00:00:00,5,37.5,38.26,2.26,1.5,2,1,1,1,0.2
Ireland,Customer Support,Day,2025-10-01 00:00:00,50,37.5,37.24,0.86,1.12,10,3,2,4,0.08
France,Finance,Hybrid,2026-03-01 00:00:00,16,37.5,37.5,0.0,0.0,0,0,0,0,0.0
Ireland,Supply Chain,Night,2026-02-01 00:00:00,16,40.0,41.03,3.02,2.0,5,1,4,4,0.25
Ireland,People,Hybrid,2026-01-01 00:00:00,8,37.5,35.5,0.0,2.0,0,1,0,1,0.125
Netherlands,Customer Support,Rotating,2026-03-01 00:00:00,4,37.5,37.5,0.0,0.0,0,0,0,0,0.0
UK,Sales,Day,2026-01-01 00:00:00,464,37.5,37.6,0.61,0.51,65,18,1,11,0.0237
UK,Supply Chain,Night,2026-01-01 00:00:00,184,40.0,41.68,3.2,1.51,60,16,40,47,0.2554
UK,Supply Chain,Rotating,2025-12-01 00:00:00,320,40.0,40.68,2.11,1.43,84,33,41,52,0.1625
France,Customer Support,Day,2025-12-01 00:00:00,110,37.5,37.87,0.94,0.58,18,5,4,6,0.0545
UK,Technology,Hybrid,2025-11-01 00:00:00,88,37.5,37.57,0.39,0.32,7,3,0,1,0.0114
Germany,People,Day,2025-12-01 00:00:00,125,37.5,37.02,0.16,0.64,8,4,0,3,0.024
Germany,Supply Chain,Night,2025-11-01 00:00:00,84,40.0,41.44,2.34,0.9,22,4,13,15,0.1786
UK,Customer Support,Day,2025-11-01 00:00:00,444,37.5,37.71,0.96,0.75,83,21,15,28,0.0631
France,Operations,Rotating,2026-03-01 00:00:00,112,40.0,41.91,2.76,0.85,31,6,21,25,0.2232
Germany,Customer Support,Day,2026-03-01 00:00:00,144,37.5,37.59,1.17,1.08,30,10,7,11,0.0764
Netherlands,Finance,Hybrid,2026-03-01 00:00:00,8,37.5,32.81,0.0,5.0,0,1,0,1,0.125
UK,Finance,Day,2025-10-01 00:00:00,320,37.5,37.32,0.27,0.46,30,10,0,4,0.0125
UK,Technology,Day,2026-02-01 00:00:00,296,37.5,37.83,0.6,0.27,41,9,1,3,0.0101
Germany,Operations,Rotating,2025-11-01 00:00:00,176,40.0,41.77,2.93,1.16,55,15,31,38,0.2159
Germany,Finance,Hybrid,2026-02-01 00:00:00,20,37.5,37.7,0.2,0.0,2,0,0,0,0.0
Ireland,Supply Chain,Day,2025-12-01 00:00:00,65,40.0,42.31,2.55,0.24,19,2,11,11,0.1692
France,Sales,Day,2025-12-01 00:00:00,100,37.5,37.39,0.5,0.64,13,2,0,2,0.02
Netherlands,Supply Chain,Rotating,2025-12-01 00:00:00,55,40.0,42.77,3.49,0.72,22,4,12,13,0.2364
Netherlands,Supply Chain,Day,2026-01-01 00:00:00,68,40.0,42.19,2.42,0.24,17,2,11,11,0.1618
Germany,Supply Chain,Rotating,2025-10-01 00:00:00,145,40.0,41.01,2.06,1.04,32,7,21,25,0.1724
France,Supply Chain,Rotating,2026-02-01 00:00:00,60,40.0,40.94,1.87,0.93,14,2,6,8,0.1333
Ireland,Technology,Day,2025-11-01 00:00:00,44,37.5,38.27,0.94,0.17,9,1,1,1,0.0227
UK,People,Hybrid,2026-02-01 00:00:00,32,37.5,35.93,0.04,1.61,1,4,0,2,0.0625
UK,Commercial,Hybrid,2026-01-01 00:00:00,68,37.5,37.81,0.72,0.41,12,2,0,1,0.0147
Ireland,People,Day,2026-02-01 00:00:00,12,37.5,37.57,0.08,0.0,1,0,0,0,0.0
Netherlands,Technology,Hybrid,2025-11-01 00:00:00,12,37.5,37.71,0.21,0.0,1,0,0,0,0.0
France,Commercial,Day,2025-11-01 00:00:00,76,37.5,37.8,0.81,0.51,13,4,0,1,0.0132
Netherlands,Sales,Hybrid,2025-12-01 00:00:00,25,37.5,34.12,0.46,3.84,3,6,0,3,0.12
Ireland,Customer Support,Day,2025-11-01 00:00:00,40,37.5,37.54,1.04,1.0,10,2,1,3,0.075
Netherlands,People,Day,2026-03-01 00:00:00,16,37.5,37.5,0.0,0.0,0,0,0,0,0.0
Ireland,Technology,Hybrid,2025-12-01 00:00:00,10,37.5,37.5,0.0,0.0,0,0,0,0,0.0
Ireland,Commercial,Day,2026-01-01 00:00:00,32,37.5,37.61,0.58,0.47,6,2,0,0,0.0
Ireland,Sales,Hybrid,2025-12-01 00:00:00,5,37.5,38.2,0.7,0.0,1,0,0,0,0.0
Netherlands,Commercial,Hybrid,2026-02-01 00:00:00,12,37.5,37.5,0.0,0.0,0,0,0,0,0.0
France,People,Hybrid,2025-12-01 00:00:00,15,37.5,37.5,0.0,0.0,0,0,0,0,0.0
Ireland,Commercial,Hybrid,2026-02-01 00:00:00,8,37.5,37.89,0.39,0.0,1,0,0,0,0.0
France,Technology,Day,2026-03-01 00:00:00,64,37.5,37.92,0.53,0.12,7,1,1,1,0.0156
UK,Sales,Day,2025-11-01 00:00:00,464,37.5,37.48,0.76,0.79,73,23,1,11,0.0237
Germany,Operations,Night,2025-10-01 00:00:00,185,40.0,41.76,3.07,1.31,58,17,36,41,0.2216
France,People,Day,2025-12-01 00:00:00,70,37.5,36.89,0.16,0.8,4,2,0,2,0.0286
UK,Supply Chain,Night,2025-11-01 00:00:00,184,40.0,41.42,2.37,0.95,54,14,25,30,0.163
Netherlands,Operations,Rotating,2026-03-01 00:00:00,52,40.0,42.41,2.7,0.29,19,2,7,7,0.1346
Netherlands,Operations,Day,2025-10-01 00:00:00,170,40.0,41.44,2.23,0.79,49,9,23,26,0.1529
UK,Operations,Night,2026-02-01 00:00:00,380,40.0,42.2,3.33,1.13,137,23,83,93,0.2447
Germany,Operations,Day,2025-10-01 00:00:00,405,40.0,41.86,2.68,0.82,124,29,68,73,0.1802
UK,Commercial,Day,2026-03-01 00:00:00,244,37.5,37.58,0.56,0.48,35,9,0,3,0.0123
UK,Technology,Hybrid,2026-01-01 00:00:00,88,37.5,37.49,0.35,0.36,9,2,0,1,0.0114
Germany,Supply Chain,Night,2026-01-01 00:00:00,84,40.0,40.95,1.32,0.38,16,6,4,4,0.0476
UK,Customer Support,Day,2026-01-01 00:00:00,444,37.5,37.98,1.08,0.6,88,24,19,28,0.0631
UK,People,Day,2026-02-01 00:00:00,200,37.5,37.38,0.26,0.38,18,6,0,2,0.01
UK,Operations,Rotating,2025-10-01 00:00:00,430,40.0,42.24,3.3,1.06,148,32,90,99,0.2302
Germany,Technology,Hybrid,2026-03-01 00:00:00,28,37.5,37.42,0.46,0.54,2,2,0,0,0.0
France,Operations,Day,2026-02-01 00:00:00,216,40.0,41.85,2.96,1.11,70,16,39,47,0.2176
France,Finance,Day,2025-10-01 00:00:00,80,37.5,37.09,0.22,0.64,8,6,0,1,0.0125
Germany,Operations,Rotating,2026-01-01 00:00:00,176,40.0,42.41,3.69,1.28,67,17,41,47,0.267
France,Supply Chain,Night,2026-02-01 00:00:00,44,40.0,41.01,2.17,1.16,9,5,6,7,0.1591
Germany,Supply Chain,Day,2025-12-01 00:00:00,300,40.0,41.77,2.67,0.9,85,22,51,53,0.1767
Germany,Sales,Day,2026-02-01 00:00:00,176,37.5,37.17,0.82,1.17,29,13,0,6,0.0341
Netherlands,Supply Chain,Day,2025-11-01 00:00:00,68,40.0,41.5,2.21,0.71,17,5,9,10,0.1471
UK,Finance,Hybrid,2025-12-01 00:00:00,85,37.5,37.5,0.42,0.42,12,2,0,1,0.0118
Netherlands,Commercial,Day,2025-12-01 00:00:00,75,37.5,37.24,0.53,0.79,9,5,0,2,0.0267
Ireland,Technology,Day,2026-01-01 00:00:00,44,37.5,38.01,0.7,0.18,6,1,0,0,0.0
UK,Commercial,Hybrid,2025-11-01 00:00:00,68,37.5,38.51,1.13,0.12,14,2,0,0,0.0
Netherlands,Technology,Hybrid,2026-01-01 00:00:00,12,37.5,37.5,0.0,0.0,0,0,0,0,0.0
Ireland,Operations,Night,2026-02-01 00:00:00,48,40.0,41.21,2.52,1.31,15,5,7,9,0.1875
France,Commercial,Day,2026-01-01 00:00:00,76,37.5,38.09,0.59,0.0,11,0,0,0,0.0
France,Sales,Hybrid,2025-12-01 00:00:00,20,37.5,38.98,1.48,0.0,7,0,0,0,0.0
Ireland,Customer Support,Day,2026-01-01 00:00:00,40,37.5,38.01,0.51,0.0,3,0,1,1,0.025
Ireland,Commercial,Day,2025-11-01 00:00:00,32,37.5,37.5,0.74,0.73,6,2,0,1,0.0313
France,Finance,Hybrid,2026-02-01 00:00:00,16,37.5,35.13,0.13,2.5,1,3,0,1,0.0625
Ireland,Supply Chain,Night,2026-03-01 00:00:00,16,40.0,42.55,3.05,0.5,6,1,3,3,0.1875
Ireland,People,Hybrid,2025-10-01 00:00:00,10,37.5,37.97,0.47,0.0,1,0,0,0,0.0
Netherlands,Customer Support,Rotating,2026-02-01 00:00:00,4,37.5,40.53,3.03,0.0,2,0,0,0,0.0
